Time,Time Code,Country Name,Country Code,"Population, total [SP.POP.TOTL]","Population, male (% of total population) [SP.POP.TOTL.MA.ZS]","Population, female (% of total population) [SP.POP.TOTL.FE.ZS]","Population ages 0-14, male [SP.POP.0014.MA.IN]","Population ages 0-14, female [SP.POP.0014.FE.IN]","Population ages 0-14, total [SP.POP.0014.TO]","Population, male (% of population, ages 0-14)","Population, female (% of population, ages 0-14)"
2023,YR2023,Afghanistan,AFG,41454761,50.47448712,49.52551288,9164057,8755262,17919319,51.1406544,48.8593456
2023,YR2023,Africa Eastern and Southern,AFE,750503764,49.4971556,50.5028444,153529033,150939629,304468664,50.42523292,49.57476642
2023,YR2023,Africa Western and Central,AFW,509398589,50.35333137,49.64666863,107748208,104767561,212515766,50.70127738,49.29872403
2023,YR2023,Albania,ALB,2745972,49.44077421,50.55922579,243783,224185,467968,52.09394659,47.90605341
2023,YR2023,Algeria,DZA,46164219,51.01187677,48.98812323,7218859,6925557,14144415,51.03681559,48.96319148
2023,YR2023,American Samoa,ASM,47521,50.50713354,49.49286646,6580,6494,13074,50.32889705,49.67110295
2023,YR2023,Andorra,AND,80856,51.14524587,48.85475413,5063,4840,9903,51.12592144,48.87407856
2023,YR2023,Angola,AGO,36749906,49.47411294,50.52588706,8232452,8147813,16380266,50.25835356,49.74164034
2023,YR2023,Antigua and Barbuda,ATG,93316,47.58934791,52.41065209,8625,8375,17000,50.73529412,49.26470588
2023,YR2023,Arab World,ARB,481667539,51.72390786,48.27609214,80533026,77155503,157688530,51.07094727,48.9290521
2023,YR2023,Argentina,ARG,45538401,49.62182246,50.37817754,5187490,4917781,10105270,51.3345017,48.6655082
2023,YR2023,Armenia,ARM,2990900,46.38772328,53.61227672,303434,281148,584581,51.90623712,48.09393395
2023,YR2023,Aruba,ABW,107359,47.23038012,52.76961988,9406,9044,18450,50.98102981,49.01897019
2023,YR2023,Australia,AUS,26658948,49.61473661,50.38526339,2470306,2336378,4806684,51.39314338,48.60685662
2023,YR2023,Austria,AUT,9131761,49.22041451,50.77958549,671643,634439,1306083,51.42422036,48.57570308
2023,YR2023,Azerbaijan,AZE,10153958,49.00053856,50.99946144,1194130,1074715,2268845,52.63162534,47.36837466
2023,YR2023,"Bahamas, The",BHS,399440,47.79404217,52.20595783,37034,36177,73210,50.58598552,49.41538041
2023,YR2023,Bahrain,BHR,1577059,62.07668515,37.92331485,152702,146811,299513,50.98342977,49.01657023
2023,YR2023,Bangladesh,BGD,171466990,49.19763915,50.80236085,25134853,23494698,48629551,51.68637687,48.31362313
2023,YR2023,Barbados,BRB,282336,47.94446314,52.05553686,25111,24260,49372,50.8608118,49.13716276
2023,YR2023,Belarus,BLR,9178298,46.60374212,53.39625788,787686,742821,1530507,51.46569078,48.53430922
2023,YR2023,Belgium,BEL,11787423,49.29235672,50.70764328,981813,938446,1920259,51.12919663,48.87080337
2023,YR2023,Belize,BLZ,411106,50.47043828,49.52956172,56778,54190,110968,51.16610194,48.83389806
2023,YR2023,Benin,BEN,14111034,50.13527003,49.86472997,2991927,2911603,5903530,50.68030483,49.31969517
2023,YR2023,Bermuda,BMU,64698,48.96520812,51.03479188,4606,4373,8979,51.29747188,48.70252812
2023,YR2023,Bhutan,BTN,786385,53.49580676,46.50419324,87620,81150,168770,51.91680986,48.08319014
2023,YR2023,Bolivia,BOL,12244159,50.11149398,49.88850602,1877407,1813276,3690683,50.86882293,49.13117707
2023,YR2023,Bosnia and Herzegovina,BIH,3185073,47.55517377,52.44482623,217904,203160,421064,51.75080273,48.24919727
2023,YR2023,Botswana,BWA,2480244,49.87287541,50.12712459,403108,397546,800654,50.34734105,49.65265895
2023,YR2023,Brazil,BRA,211140729,49.21507162,50.78492838,21470798,20622116,42092915,51.00810433,48.99189329
2023,YR2023,British Virgin Islands,VGB,38985,47.23098628,52.76901372,2996,2906,5902,50.76245341,49.23754659
2023,YR2023,Brunei Darussalam,BRN,458949,53.14066082,46.85933918,50130,46361,96491,51.95303189,48.04696811
2023,YR2023,Bulgaria,BGR,6446596,48.39798917,51.60201083,481418,455801,937219,51.36664963,48.63335037
2023,YR2023,Burkina Faso,BFA,23025776,49.80836694,50.19163306,4957142,4806075,9763217,50.77365381,49.22634619
2023,YR2023,Burundi,BDI,13689450,49.67310593,50.32689407,3122491,3087693,6210184,50.28016883,49.71983117
2023,YR2023,Cabo Verde,CPV,522331,50.86631057,49.13368943,70811,66932,137743,51.40805703,48.59194297
2023,YR2023,Cambodia,KHM,17423880,48.97847385,51.02152615,2679088,2567339,5246427,51.065001,48.934999
2023,YR2023,Cameroon,CMR,28372687,49.83872342,50.16127658,5968170,5880422,11848591,50.37029297,49.62971547
2023,YR2023,Canada,CAN,40097761,49.65908383,50.34091617,3139905,2996874,6136779,51.1653589,48.8346411
2023,YR2023,Caribbean small states,CSS,3152394,49.1591783,50.8408217,383044,370819,753862,50.81089112,49.18924153
2023,YR2023,Cayman Islands,CYM,73038,50.2149566,49.7850434,6018,5883,11901,50.56717923,49.43282077
2023,YR2023,Central African Republic,CAF,5152421,47.89259263,52.10740737,1276927,1256335,2533262,50.4064325,49.5935675
2023,YR2023,Central Europe and the Baltics,CEB,100175859,48.45530927,51.54469073,7827222,7433281,15260501,51.29072761,48.70928549
2023,YR2023,Chad,TCD,19319064,50.16386405,49.83613595,4576898,4452287,9029184,50.69005128,49.30995979
2023,YR2023,Channel Islands,CHI,167691,49.391742,50.608258,12349,11793,24141,51.15363904,48.85050329
2023,YR2023,Chile,CHL,19658835,49.69853759,50.30146241,1741074,1676484,3417559,50.94495808,49.05501266
2023,YR2023,China,CHN,1410710000,50.97926122,49.02073878,125009291,109022006,234031297,53.41562971,46.58437029
2023,YR2023,Colombia,COL,52321152,49.34630644,50.65369356,5500279,5276751,10777030,51.03705752,48.96294248
2023,YR2023,Comoros,COM,850387,50.29439538,49.70560462,161337,156719,318057,50.7258133,49.27387229
2023,YR2023,"Congo, Dem. Rep.",COD,105789731,49.61150956,50.38849044,24429256,24327420,48756676,50.10443288,49.89556712
2023,YR2023,"Congo, Rep.",COG,6182885,49.99655501,50.00344499,1274989,1252803,2527792,50.43884149,49.56115851
2023,YR2023,Costa Rica,CRI,5105525,49.41965812,50.58034188,504012,482936,986948,51.06773609,48.93226391
2023,YR2023,Cote d'Ivoire,CIV,31165654,50.92026306,49.07973694,6509759,6354308,12864067,50.60420627,49.39579373
2023,YR2023,Croatia,HRV,3859686,48.22089089,51.77910911,280808,264896,545704,51.45793324,48.54206676
2023,YR2023,Cuba,CUB,11019931,49.35548145,50.64451855,882018,827611,1709630,51.591163,48.40877851
2023,YR2023,Curacao,CUW,147862,47.56480987,52.43519013,11479,11059,22538,50.93175969,49.06824031
2023,YR2023,Cyprus,CYP,1344976,50.38019294,49.61980706,111229,104693,215921,51.51374808,48.48671505
2023,YR2023,Czechia,CZE,10864042,49.30936675,50.69063325,871477,831314,1702790,51.17935858,48.82070015
2023,YR2023,Denmark,DNK,5946952,49.70542032,50.29457968,484413,459187,943600,51.33668928,48.66331072
2023,YR2023,Djibouti,DJI,1152944,49.57764608,50.42235392,172475,168503,340979,50.58229392,49.4174128
2023,YR2023,Dominica,DMA,66510,50.06465193,49.93534807,6020,6025,12045,49.9792445,50.0207555
2023,YR2023,Dominican Republic,DOM,11331265,49.72553817,50.27446183,1554392,1495305,3049697,50.96873558,49.03126442
2023,YR2023,Early-demographic dividend,EAR,3511076811,50.71917826,49.28082174,500665212,471511631,972176836,51.49939738,48.50060334
2023,YR2023,East Asia & Pacific,EAS,2384463611,50.45985173,49.54014827,231663940,210203862,441867798,52.4283374,47.5716635
2023,YR2023,East Asia & Pacific (excluding high income),EAP,2137527754,50.60814339,49.39185661,215926520,195316126,411242643,52.50586817,47.49413256
2023,YR2023,East Asia & Pacific (IDA & IBRD countries),TEA,2111139152,50.62294007,49.37705993,213357627,192878501,406236126,52.52059414,47.47940635
2023,YR2023,Ecuador,ECU,17980083,49.86045393,50.13954607,2295029,2200835,4495864,51.04756283,48.95243717
2023,YR2023,"Egypt, Arab Rep.",EGY,114535772,50.491288,49.508712,19018870,18130945,37149814,51.19506117,48.80494153
2023,YR2023,El Salvador,SLV,6309624,47.50180042,52.49819958,817546,773135,1590681,51.39597443,48.60402557
2023,YR2023,Equatorial Guinea,GNQ,1847549,52.76596182,47.23403818,349134,343408,692541,50.41347732,49.58666707
2023,YR2023,Eritrea,ERI,3470390,49.3467447,50.6532553,677703,664555,1342258,50.48977171,49.51022829
2023,YR2023,Estonia,EST,1370286,47.49750584,52.50249416,112364,106447,218811,51.35208011,48.64791989
2023,YR2023,Eswatini,SWZ,1230506,49.08679844,50.91320156,208135,206164,414299,50.23787168,49.76212832
2023,YR2023,Ethiopia,ETH,128691692,50.10903268,49.89096732,25814544,24845761,50660304,50.95615692,49.04384506
2023,YR2023,Euro area,EMU,349670802,48.95235268,51.04764732,25781399,24464120,50245519,51.31084227,48.68915773
2023,YR2023,Europe & Central Asia,ECS,924969865,48.56268197,51.43731803,83522931,79283770,162806696,51.30190161,48.69810146
2023,YR2023,Europe & Central Asia (excluding high income),ECA,249146208,48.89630184,51.10369816,29630153,28150857,57781007,51.28009105,48.71991414
2023,YR2023,Europe & Central Asia (IDA & IBRD countries),TEC,459025452,48.05844744,51.94155256,47717775,45301854,93019626,51.29860982,48.7013934
2023,YR2023,European Union,EUU,448804042,48.91322129,51.08677871,33658579,31942144,65600722,51.30824475,48.69175678
2023,YR2023,Faroe Islands,FRO,54482,51.7189699,48.2810301,5628,5354,10982,51.2474959,48.7525041
2023,YR2023,Fiji,FJI,924145,49.6298741,50.3701259,128525,124554,253080,50.78433697,49.2152679
2023,YR2023,Finland,FIN,5583911,49.41840889,50.58159111,426343,407615,833958,51.12283832,48.87716168
2023,YR2023,Fragile and conflict affected situations,FCS,1058789534,49.89430512,50.10569488,210708781,204492560,415201338,50.74857948,49.25142125
2023,YR2023,France,FRA,68287487,48.46908105,51.53091895,5866425,5595478,11461903,51.18194596,48.81805404
2023,YR2023,French Polynesia,PYF,281118,50.6036611,49.3963389,28649,26825,55474,51.64401341,48.35598659
2023,YR2023,Gabon,GAB,2484789,50.79874017,49.20125983,458007,452971,910978,50.27640624,49.72359376
2023,YR2023,"Gambia, The",GMB,2697845,49.79011025,50.20988975,555027,543828,1098855,50.50957588,49.49042412
2023,YR2023,Georgia,GEO,3715483,46.60303948,53.39696052,403049,378719,781768,51.55608825,48.44391175
2023,YR2023,Germany,DEU,83280000,49.3751809,50.6248191,5950761,5638126,11588887,51.34885688,48.65114312
2023,YR2023,Ghana,GHA,33787914,49.95142642,50.04857358,6187036,6037066,12224102,50.61341929,49.38658071
2023,YR2023,Gibraltar,GIB,38471,49.76475787,50.23524213,3526,3320,6845,51.51205259,48.50255661
2023,YR2023,Greece,GRC,10405588,48.43541502,51.56458498,726451,687337,1413788,51.38330499,48.61669501
2023,YR2023,Greenland,GRL,56865,52.64381382,47.35618618,6079,5750,11830,51.386306,48.60524091
2023,YR2023,Grenada,GRD,117081,50.17637362,49.82362638,11849,11388,23236,50.99414701,49.01015665
2023,YR2023,Guam,GUM,166506,50.69876942,49.30123058,22346,20979,43325,51.57761108,48.42238892
2023,YR2023,Guatemala,GTM,18124838,49.59499224,50.40500776,2955290,2869625,5824915,50.73533262,49.26466738
2023,YR2023,Guinea,GIN,14405468,49.44326002,50.55673998,3013263,2927975,5941238,50.71776286,49.28223714
2023,YR2023,Guinea-Bissau,GNB,2153339,49.40213752,50.59786248,427757,417264,845021,50.62087214,49.37912786
2023,YR2023,Guyana,GUY,826353,48.70279408,51.29720592,122955,119358,242313,50.74222184,49.25777816
2023,YR2023,Haiti,HTI,11637398,49.50924597,50.49075403,1852090,1822092,3674182,50.40822692,49.59177308
2023,YR2023,Heavily indebted poor countries (HIPC),HPC,917304254,49.84359857,50.15640143,193834308,189410958,383245264,50.57709154,49.42290898
2023,YR2023,High income,HIC,1400465513,49.62751894,50.37248106,114079451,108338485,222417931,51.29058187,48.70942037
2023,YR2023,Honduras,HND,10644851,50.3501646,49.6498354,1688693,1610801,3299494,51.18036281,48.81963719
2023,YR2023,"Hong Kong SAR, China",HKG,7536100,45.07912012,54.92087988,410174,396116,806289,50.8718338,49.12829023
2023,YR2023,Hungary,HUN,9592186,47.98530692,52.01469308,713668,675804,1389472,51.36253195,48.63746805
2023,YR2023,IBRD only,IBD,..,..,..,..,..,..,..,..
2023,YR2023,Iceland,ISL,393349,51.19982041,48.80017959,36500,34523,71023,51.39180266,48.60819734
2023,YR2023,IDA & IBRD total,IBT,6858957145,50.32914317,49.67085683,941841756,887258895,1829100642,51.49206853,48.50793197
2023,YR2023,IDA blend,IDB,..,..,..,..,..,..,..,..
2023,YR2023,IDA only,IDX,..,..,..,..,..,..,..,..
2023,YR2023,IDA total,IDA,..,..,..,..,..,..,..,..
2023,YR2023,India,IND,1438069596,51.58882895,48.41117105,187882029,172455965,360337993,52.14049938,47.8595009
2023,YR2023,Indonesia,IDN,281190067,50.23497736,49.76502264,35979229,34134499,70113728,51.31552697,48.68447303
2023,YR2023,"Iran, Islamic Rep.",IRN,90608707,50.83573426,49.16426574,10636350,10057576,20693926,51.39841517,48.60158483
2023,YR2023,Iraq,IRQ,45074049,50.17103079,49.82896921,8568862,8149732,16718594,51.25348459,48.74651541
2023,YR2023,Ireland,IRL,5307600,49.50491963,50.49508037,516378,492970,1009348,51.15956043,48.84043957
2023,YR2023,Isle of Man,IMN,84165,49.52474871,50.47525129,6235,5988,12223,51.01039025,48.98960975
2023,YR2023,Israel,ISR,9756600,49.77043778,50.22956222,1382145,1312103,2694248,51.29984322,48.70015678
2023,YR2023,Italy,ITA,58993475,48.84490787,51.15509213,3682719,3481705,7164424,51.40286225,48.59713775
2023,YR2023,Jamaica,JAM,2839786,49.46647388,50.53352612,276489,266880,543368,50.88429941,49.11588463
2023,YR2023,Japan,JPN,124516650,48.80559123,51.19440877,7448559,7056747,14505306,51.35058164,48.64941836
2023,YR2023,Jordan,JOR,11439213,51.60539453,48.39460547,1818630,1753405,3572035,50.91299497,49.08700503
2023,YR2023,Kazakhstan,KAZ,20330104,48.68171598,51.31828402,3066273,2939054,6005327,51.05921792,48.94078208
2023,YR2023,Kenya,KEN,55339003,49.7244457,50.2755543,10431069,10291799,20722869,50.33602731,49.66396786
2023,YR2023,Kiribati,KIR,132530,48.46488746,51.53511254,23424,22867,46291,50.60162883,49.39837117
2023,YR2023,"Korea, Dem. People's Rep.",PRK,26418204,49.42806104,50.57193896,2572943,2441396,5014338,51.31171852,48.68830143
2023,YR2023,"Korea, Rep.",KOR,51712619,49.9178521,50.0821479,2912580,2760717,5673297,51.33840164,48.66159836
2023,YR2023,Kosovo,XKX,1756366,49.1879854,50.8120146,194624,179382,374006,52.03766784,47.96233216
2023,YR2023,Kuwait,KWT,4853420,61.15740721,38.84259279,461773,441101,902874,51.14478875,48.85521125
2023,YR2023,Kyrgyz Republic,KGZ,7099750,49.44244135,50.55755865,1191409,1128198,2319607,51.36253684,48.63746316
2023,YR2023,Lao PDR,LAO,7664993,50.25275956,49.74724044,1193957,1148287,2342243,50.97494154,49.02510115
2023,YR2023,Late-demographic dividend,LTE,2326658047,50.25972334,49.74027666,218800425,198217783,417018202,52.46783568,47.53216575
2023,YR2023,Latin America & Caribbean,LCN,657611624,49.22947693,50.77052307,76719835,73716789,150436619,50.9981117,49.00189162
2023,YR2023,Latin America & Caribbean (excluding high income),LAC,594995068,49.21752058,50.78247942,69707629,67031704,136739331,50.97847744,49.02152403
2023,YR2023,Latin America & the Caribbean (IDA & IBRD countries),TLA,642397939,49.23978564,50.76021436,75553938,72618924,148172859,50.99040304,49.00959898
2023,YR2023,Latvia,LVA,1877445,46.31891819,53.68108181,152170,142439,294610,51.65133566,48.3483249
2023,YR2023,Least developed countries: UN classification,LDC,1161055545,49.66327619,50.33672381,229273066,222464640,451737707,50.75358166,49.24641812
2023,YR2023,Lebanon,LBN,5773493,48.61185421,51.38814579,791273,751164,1542437,51.30018276,48.69981724
2023,YR2023,Lesotho,LSO,2311472,48.70173638,51.29826362,405808,401441,807250,50.27042428,49.72945184
2023,YR2023,Liberia,LBR,5493031,49.90583523,50.09416477,1112204,1084831,2197035,50.62295321,49.37704679
2023,YR2023,Libya,LBY,7305659,50.84607699,49.15392301,1048574,994175,2042749,51.33151454,48.66848546
2023,YR2023,Liechtenstein,LIE,39850,49.66537869,50.33462131,3021,2697,5717,52.84239986,47.17509183
2023,YR2023,Lithuania,LTU,2871585,47.15335633,52.84664367,219253,208245,427497,51.28761138,48.71262254
2023,YR2023,Low & middle income,LMY,6633109634,50.4340711,49.5659289,921473517,867919502,1789393010,51.4964299,48.5035706
2023,YR2023,Low income,LIC,736466395,49.83345017,50.16654983,154562710,150753703,305316411,50.62378059,49.37622007
2023,YR2023,Lower middle income,LMC,3079778780,50.7263192,49.2736808,473806688,447394726,921201413,51.43356071,48.5664394
2023,YR2023,Luxembourg,LUX,666430,50.31987815,49.68012185,53879,51550,105429,51.10453481,48.89546519
2023,YR2023,"Macao SAR, China",MAC,678800,46.12829891,53.87170109,48992,46681,95674,51.20722453,48.79173025
2023,YR2023,Madagascar,MDG,31195932,50.15695796,49.84304204,6253129,6091767,12344896,50.65355755,49.34644245
2023,YR2023,Malawi,MWI,21104482,48.78156213,51.21843787,4357784,4361761,8719545,49.97719491,50.02280509
2023,YR2023,Malaysia,MYS,35126298,52.41107104,47.58892896,4043127,3785820,7828946,51.64331188,48.35670089
2023,YR2023,Maldives,MDV,525994,62.09538512,37.90461488,56230,49226,105457,53.32031065,46.6787411
2023,YR2023,Mali,MLI,23769127,50.46322063,49.53677937,5583003,5460181,11043184,50.55609868,49.44390132
2023,YR2023,Malta,MLT,552747,51.89302682,48.10697318,37628,35068,72696,51.76075713,48.23924287
2023,YR2023,Marshall Islands,MHL,38827,51.26197589,48.73802411,6953,6522,13475,51.59925788,48.40074212
2023,YR2023,Mauritania,MRT,5022441,49.01930177,50.98069823,1094069,1067393,2161462,50.61708233,49.38291767
2023,YR2023,Mauritius,MUS,1261041,49.98315783,50.01684217,94021,96702,190723,49.29714822,50.70285178
2023,YR2023,Mexico,MEX,129739759,48.50181009,51.49818991,16446938,15881579,32328517,50.87439674,49.12560326
2023,YR2023,"Micronesia, Fed. Sts.",FSM,112630,49.69812661,50.30187339,18627,17560,36187,51.47428635,48.52571365
2023,YR2023,Middle East & North Africa,MEA,508311359,51.82503265,48.17496735,76678726,73079480,149758206,51.20168574,48.79831426
2023,YR2023,Middle East & North Africa (excluding high income),MNA,440118189,50.53676858,49.46323142,68830674,65552935,134383609,51.21954568,48.78045432
2023,YR2023,Middle East & North Africa (IDA & IBRD countries),TMN,434952414,50.5467205,49.4532795,67821557,64579932,132401489,51.22416486,48.77583514
2023,YR2023,Middle income,MIC,5896643239,50.50908618,49.49091382,766910807,717165799,1484076599,51.67595847,48.324042
2023,YR2023,Moldova,MDA,2457783,46.02480543,53.97519457,251161,240205,491365,51.11495528,48.88524824
2023,YR2023,Monaco,MCO,38956,48.95009755,51.04990245,2601,2532,5134,50.66225166,49.31827035
2023,YR2023,Mongolia,MNG,3481145,49.89202878,50.10797122,584517,551641,1136158,51.44680581,48.55319419
2023,YR2023,Montenegro,MNE,616177,48.12051437,51.87948563,58535,54427,112962,51.81831058,48.18168942
2023,YR2023,Morocco,MAR,37712505,50.44276163,49.55723837,5032054,4786472,9818525,51.25061045,48.74939973
2023,YR2023,Mozambique,MOZ,33635160,48.48289553,51.51710447,7557379,7495991,15053370,50.20390119,49.79609881
2023,YR2023,Myanmar,MMR,54133798,49.7955741,50.2044259,6812212,6459081,13271294,51.33042791,48.66956455
2023,YR2023,Namibia,NAM,2963095,48.83776968,51.16223032,549975,555032,1105007,49.77117792,50.22882208
2023,YR2023,Nauru,NRU,11875,50.93052632,49.06947368,2335,2199,4534,51.49977944,48.50022056
2023,YR2023,Nepal,NPL,29694614,48.08694438,51.91305562,4396179,4130222,8526401,51.5596088,48.4403912
2023,YR2023,Netherlands,NLD,17877117,49.66833262,50.33166738,1389078,1323108,2712186,51.21617765,48.78382235
2023,YR2023,New Caledonia,NCL,289870,49.31935005,50.68064995,31725,30674,62398,50.84297574,49.15862688
2023,YR2023,New Zealand,NZL,5223100,49.67318695,50.32681305,492647,467083,959731,51.33177943,48.66811638
2023,YR2023,Nicaragua,NIC,6823613,49.17610363,50.82389637,1011256,981503,1992759,50.7465278,49.2534722
2023,YR2023,Niger,NER,26159867,50.77304483,49.22695517,6244598,6041572,12286170,50.82623796,49.17376204
2023,YR2023,Nigeria,NGA,227882945,50.55531119,49.44468881,47954288,46599425,94553713,50.71645151,49.28354849
2023,YR2023,North America,NAC,375077354,50.18435726,49.81564274,33375205,31697615,65072820,51.28900976,48.71099024
2023,YR2023,North Macedonia,MKD,1827816,48.63429563,51.36570437,159585,152384,311969,51.15412108,48.84587892
2023,YR2023,Northern Mariana Islands,MNP,45143,52.71692178,47.28307822,5376,4820,10196,52.72655944,47.27344056
2023,YR2023,Norway,NOR,5519594,50.38662537,49.61337463,467874,443233,911106,51.35231246,48.64779729
2023,YR2023,Not classified,INX,..,..,..,..,..,..,..,..
2023,YR2023,OECD members,OED,1385723403,49.39639555,50.60360445,120251379,114615420,234866799,51.19982029,48.80017971
2023,YR2023,Oman,OMN,5049269,62.07810716,37.92189284,649112,624706,1273818,50.95798615,49.04201385
2023,YR2023,Other small states,OSS,14411921,51.88768445,48.11231555,1709517,1644563,3354082,50.96825301,49.03168736
2023,YR2023,Pacific island small states,PSS,2689224,50.16015728,49.83984272,463741,440110,903851,51.3072398,48.6927602
2023,YR2023,Pakistan,PAK,247504495,50.79958224,49.20041776,46883105,44787762,91670867,51.142862,48.857138
2023,YR2023,Palau,PLW,17727,53.90082924,46.09917076,1715,1572,3287,52.17523578,47.82476422
2023,YR2023,Panama,PAN,4458759,50.01104567,49.98895433,577767,549237,1127003,51.26579077,48.73429796
2023,YR2023,Papua New Guinea,PNG,10389635,51.47419052,48.52580948,1823610,1688526,3512136,51.92310321,48.07689679
2023,YR2023,Paraguay,PRY,6844146,50.15085885,49.84914115,1007084,962731,1969814,51.12584234,48.87420843
2023,YR2023,Peru,PER,33845617,49.74187056,50.25812944,4195766,4048404,8244170,50.8937346,49.1062654
2023,YR2023,Philippines,PHL,114891199,49.88268684,50.11731316,16752191,16115364,32867555,50.96877757,49.03122243
2023,YR2023,Poland,POL,36687353,48.46055413,51.53944587,2843515,2695089,5538604,51.33992248,48.66007752
2023,YR2023,Portugal,PRT,10578174,47.63600163,52.36399837,697975,665937,1363912,51.17448926,48.82551074
2023,YR2023,Post-demographic dividend,PST,1119236161,49.33823866,50.66176134,87400795,82907914,170308709,51.3190403,48.6809597
2023,YR2023,Pre-demographic dividend,PRE,1078224044,49.96759704,50.03240296,230681350,225544610,456225959,50.56296018,49.43704003
2023,YR2023,Puerto Rico,PRI,3205691,47.11794059,52.88205941,197755,187085,384839,51.38642393,48.61383592
2023,YR2023,Qatar,QAT,2656032,71.51625904,28.48374096,206924,195746,402670,51.3879852,48.6120148
2023,YR2023,Romania,ROU,19059479,48.43616213,51.56383787,1547749,1478223,3025972,51.14882094,48.85117906
2023,YR2023,Russian Federation,RUS,143826130,46.43485242,53.56514758,12934132,12256988,25191120,51.34401329,48.65598671
2023,YR2023,Rwanda,RWA,13954471,48.74715432,51.25284568,2645488,2619724,5265212,50.24466251,49.75533749
2023,YR2023,Samoa,WSM,216663,50.34200421,49.65799579,43202,40707,83909,51.48672967,48.51327033
2023,YR2023,San Marino,SMR,33860,49.16399858,50.83600142,2181,2117,4299,50.73272854,49.24401023
2023,YR2023,Sao Tome and Principe,STP,230871,49.73188607,50.26811393,44437,43941,88378,50.28061282,49.71938718
2023,YR2023,Saudi Arabia,SAU,33264292,60.65419339,39.34580661,4089314,3926530,8015844,51.01538902,48.98461098
2023,YR2023,Senegal,SEN,18077573,50.87966731,49.12033269,3628342,3354952,6983294,51.95745733,48.04254267
2023,YR2023,Serbia,SRB,6623183,47.49110502,52.50889498,479150,471296,950446,50.41317445,49.58682555
2023,YR2023,Seychelles,SYC,119773,55.18206188,44.81793812,12318,11804,24122,51.06541746,48.93458254
2023,YR2023,Sierra Leone,SLE,8460512,49.86757303,50.13242697,1641926,1618055,3259980,50.36613722,49.63389346
2023,YR2023,Singapore,SGP,5917648,51.68996365,48.31003635,357550,339992,697541,51.25863569,48.74150767
2023,YR2023,Sint Maarten (Dutch part),SXM,42749,48.73450292,51.26549708,3597,3055,6652,54.07396272,45.92603728
2023,YR2023,Slovak Republic,SVK,5426740,48.82544665,51.17455335,442411,420830,863241,51.24999855,48.75000145
2023,YR2023,Slovenia,SVN,2120461,50.2144075,49.7855925,162389,154193,316581,51.29461338,48.70570249
2023,YR2023,Small states,SST,20253539,51.23362424,48.76637576,2556302,2455492,5011795,51.00571751,48.99426253
2023,YR2023,Solomon Islands,SLB,800005,51.1338665,48.8661335,154271,144635,298906,51.61187798,48.38812202
2023,YR2023,Somalia,SOM,18358615,50.10088724,49.89911276,4347565,4222000,8569565,50.73262178,49.26737822
2023,YR2023,South Africa,ZAF,63212384,48.64628583,51.35371417,8277850,8211036,16488886,50.20260314,49.79739686
2023,YR2023,South Asia,SAS,1951539835,51.16915401,48.83084599,276113618,256172494,532286112,51.8731584,48.1268416
2023,YR2023,South Asia (IDA & IBRD),TSA,1951539835,51.16915401,48.83084599,276113618,256172494,532286112,51.8731584,48.1268416
2023,YR2023,South Sudan,SSD,11483374,49.19102173,50.80897827,2314279,2262022,4576301,50.57095239,49.42904761
2023,YR2023,Spain,ESP,48347910,49.09966234,50.90033766,3299682,3110598,6410281,51.47484174,48.52514266
2023,YR2023,Sri Lanka,LKA,22037000,48.38947123,51.61052877,2509545,2418209,4927754,50.92675081,49.07324919
2023,YR2023,St. Kitts and Nevis,KNA,46758,47.92335001,52.07664999,4267,4306,8573,49.7725417,50.2274583
2023,YR2023,St. Lucia,LCA,179285,49.41796581,50.58203419,16266,15773,32039,50.76937482,49.23062518
2023,YR2023,St. Martin (French part),MAF,27515,46.72723969,53.27276031,2928,2887,5814,50.36119711,49.65600275
2023,YR2023,St. Vincent and the Grenadines,VCT,101323,50.98991335,49.01008665,11142,10792,21933,50.80016414,49.2043952
2023,YR2023,Sub-Saharan Africa,SSF,1259902353,49.8433211,50.1566789,261277241,255707190,516984430,50.53870597,49.46129422
2023,YR2023,Sub-Saharan Africa (excluding high income),SSA,1259782580,49.84281352,50.15718648,261264923,255695386,516960308,50.5386814,49.4613188
2023,YR2023,Sub-Saharan Africa (IDA & IBRD countries),TSS,1259902353,49.8433211,50.1566789,261277241,255707190,516984430,50.53870597,49.46129422
2023,YR2023,Sudan,SDN,50042791,49.60074269,50.39925731,10307452,10034658,20342110,50.6705155,49.3294845
2023,YR2023,Suriname,SUR,628886,49.98505293,50.01494707,82997,80175,163173,50.86441997,49.13496718
2023,YR2023,Sweden,SWE,10536632,50.35807252,49.64192748,934940,882606,1817546,51.43968846,48.56031154
2023,YR2023,Switzerland,CHE,8888093,49.66113192,50.33886808,685016,649175,1334191,51.3431735,48.6568265
2023,YR2023,Syrian Arab Republic,SYR,23594623,49.9926657,50.0073343,3663414,3494139,7157554,51.18248497,48.81750106
2023,YR2023,Tajikistan,TJK,10389799,49.09952541,50.90047459,1914669,1878255,3792924,50.48002544,49.51997456
2023,YR2023,Tanzania,TZA,66617606,49.55719139,50.44280861,14367805,14093831,28461636,50.48130403,49.51869597
2023,YR2023,Thailand,THA,71702435,48.74312359,51.25687641,5569461,5250206,10819668,51.47534102,48.52464974
2023,YR2023,Timor-Leste,TLS,1384286,50.4067801,49.5932199,240864,232975,473838,50.83256303,49.16764801
2023,YR2023,Togo,TGO,9304337,50.31691135,49.68308865,1872931,1837875,3710807,50.47233661,49.52763644
2023,YR2023,Tonga,TON,104597,47.41053759,52.58946241,19256,18006,37261,51.67869891,48.32398486
2023,YR2023,Trinidad and Tobago,TTO,1367510,49.45529841,50.54470159,125488,121033,246521,50.90357414,49.09642586
2023,YR2023,Tunisia,TUN,12200431,49.4523923,50.5476077,1534722,1446441,2981164,51.48062971,48.51933674
2023,YR2023,Turkiye,TUR,85325965,49.93387514,50.06612486,9491481,9143479,18634959,50.93373696,49.0662684
2023,YR2023,Turkmenistan,TKM,7364438,49.03767932,50.96232068,1191356,1140995,2332351,51.07961881,48.92038119
2023,YR2023,Turks and Caicos Islands,TCA,46198,50.07359626,49.92640374,3657,3836,7493,48.80555185,51.19444815
2023,YR2023,Tuvalu,TUV,9816,51.15118174,48.84881826,1687,1513,3200,52.71875,47.28125
2023,YR2023,Uganda,UGA,48656601,49.57726496,50.42273504,10769339,10609428,21378767,50.37399491,49.62600509
2023,YR2023,Ukraine,UKR,37732836,46.49620294,53.50379706,2780769,2613343,5394112,51.55193292,48.44806708
2023,YR2023,United Arab Emirates,ARE,10483751,64.01232052,35.98767948,868454,844480,1712934,50.69979345,49.30020655
2023,YR2023,United Kingdom,GBR,68350000,49.22995895,50.77004105,6101622,5797527,11899149,51.27780146,48.72219854
2023,YR2023,United States,USA,334914895,50.24748125,49.75251875,30230694,28696368,58927062,51.30188571,48.69811429
2023,YR2023,Upper middle income,UMC,2816864459,50.27157754,49.72842246,293104119,269771073,562875186,52.0726666,47.92733446
2023,YR2023,Uruguay,URY,3388081,48.4938229,51.5061771,324512,308565,633077,51.25948344,48.74051656
2023,YR2023,Uzbekistan,UZB,35652307,50.43772904,49.56227096,5701155,5305091,11006246,51.79926925,48.20073075
2023,YR2023,Vanuatu,VUT,320409,50.4973331,49.5026669,63746,59975,123721,51.5239935,48.4760065
2023,YR2023,"Venezuela, RB",VEN,28300854,49.42786707,50.57213293,3798528,3603213,7401740,51.31939247,48.68062104
2023,YR2023,Viet Nam,VNM,100352192,48.97847074,51.02152926,12206339,11482647,23688985,51.52748841,48.47251581
2023,YR2023,Virgin Islands (U.S.),VIR,104917,47.79174105,52.20825895,9009,8322,17331,51.98199758,48.01800242
2023,YR2023,West Bank and Gaza,PSE,5165775,49.69882803,50.30117197,1009117,973003,1982120,50.91099429,49.08900571
2023,YR2023,World,WLD,8061876001,50.29042899,49.70957101,1039351496,979861200,2019212681,51.47310661,48.52689413
2023,YR2023,"Yemen, Rep.",YEM,39390799,50.64718794,49.35281206,8317474,7921823,16239297,51.21819005,48.78180995
2023,YR2023,Zambia,ZMB,20723965,49.48979599,50.51020401,4346173,4348592,8694765,49.98608933,50.01391067
2023,YR2023,Zimbabwe,ZWE,16340822,47.61653973,52.38346027,3398136,3354429,6752564,50.32364003,49.67637478
,,,,,,,,,,,
,,,,,,,,,,,
,,,,,,,,,,,
Data from database: Population estimates and projections,,,,,,,,,,,
Last Updated: 12/16/2024,,,,,,,,,,,
